,RMSE,Mean Abs Error,Median Abs Error,R2,Percent of houses within 5 percent,Percent of houses within 10 percent,Percent of houses within 20 percent
team8,104676.91593084889,61494.697901234584,35612.060000000056,0.8658949122436368,32.098765432098766,54.32098765432099,83.9506172839506
