,RMSE,Mean Abs Error,Median Abs Error,R2,Percent of houses within 5 percent,Percent of houses within 10 percent,Percent of houses within 20 percent
team8,99071.30617688161,60009.61580246913,37839.79999999999,0.8798733972630712,38.2716049382716,54.32098765432099,85.18518518518519
